_id,wdt_counter,program_version,time_stamp,latitude,longitude,air_temp,air_pressure,bottom_distance,water_temp,surface_distance,battery_voltage,gps_satellites,iridium_signal,iridium_retries,dtc_values_0,dtc_values_1,dtc_values_2,dtc_values_3,dtc_values_4,dtc_values_5,dtc_values_6,dtc_values_7,dtc_values_8,dtc_values_9,dtc_values_10,dtc_values_11,dtc_values_12,dtc_values_13,dtc_values_14,dtc_values_15,dtc_values_16,dtc_values_17,dtc_values_18,dtc_values_19,dtc_values_20,dtc_values_21,dtc_values_22,dtc_values_23,dtc_values_24,dtc_values_25,dtc_values_26,dtc_values_27,dtc_values_28,dtc_values_29,dtc_values_30,dtc_values_31,dtc_values_32,dtc_values_33,dtc_values_34,dtc_values_35,dtc_values_36,dtc_values_37,dtc_values_38,dtc_values_39,dtc_values_40,dtc_values_41,dtc_values_42,dtc_values_43,dtc_values_44,dtc_values_45,dtc_values_46,dtc_values_47,dtc_values_48,dtc_values_49,dtc_values_50,dtc_values_51,dtc_values_52,dtc_values_53,dtc_values_54,dtc_values_55,dtc_values_56,dtc_values_57,dtc_values_58,dtc_values_59,dtc_values_60,dtc_values_61,dtc_values_62,dtc_values_63,dtc_values_64,dtc_values_65,dtc_values_66,dtc_values_67,dtc_values_68,dtc_values_69,dtc_values_70,dtc_values_71,dtc_values_72,dtc_values_73,dtc_values_74,dtc_values_75,dtc_values_76,dtc_values_77,dtc_values_78,dtc_values_79,dtc_values_80,dtc_values_81,dtc_values_82,dtc_values_83,dtc_values_84,dtc_values_85,dtc_values_86,dtc_values_87,dtc_values_88,dtc_values_89,dtc_values_90,dtc_values_91,dtc_values_92,dtc_values_93,dtc_values_94,dtc_values_95,dtc_values_96,dtc_values_97,dtc_values_98,dtc_values_99,dtc_values_100,dtc_values_101,dtc_values_102,dtc_values_103,dtc_values_104,dtc_values_105,dtc_values_106,dtc_values_107,dtc_values_108,dtc_values_109,dtc_values_110,dtc_values_111,dtc_values_112,dtc_values_113,dtc_values_114,dtc_values_115,dtc_values_116,dtc_values_117,dtc_values_118,dtc_values_119,dtc_values_120,dtc_values_121,dtc_values_122,dtc_values_123,dtc_values_124,dtc_values_125,dtc_values_126,dtc_values_127,dtc_values_128,dtc_values_129,dtc_values_130,dtc_values_131,dtc_values_132,dtc_values_133,dtc_values_134,dtc_values_135,dtc_values_136,dtc_values_137,dtc_values_138,dtc_values_139,dtc_values_140,dtc_values_141,dtc_values_142,dtc_values_143,dtc_values_144,dtc_values_145,dtc_values_146,dtc_values_147,dtc_values_148,dtc_values_149,dtc_values_150,dtc_values_151,dtc_values_152,dtc_values_153,dtc_values_154,dtc_values_155,dtc_values_156,dtc_values_157,dtc_values_158,dtc_values_159,filename
67b4b28c0e7dc855f5480ded,1,8,1542289777,0,0,10.1875,1015.1,6.88,16.84,2.102,18.55,4,0,0,18.8125,18.5625,18.6875,18.4375,18.4375,18.5,18.5625,18.5,18.25,18.1875,18.4375,18.3125,18.25,18.125,18.1875,18.125,18.125,18.125,18,18.1875,18.0625,18.0625,18.125,18.125,18.0625,18.1875,18.125,18.1875,17.875,17.875,17.9375,17.9375,17.6875,17.75,17.625,17.6875,17.5625,17.4375,17.375,17.25,17.125,17.0625,17.125,17,16.8125,16.75,16.875,16.875,16.75,16.625,16.8125,16.8125,16.625,16.625,16.6875,16.625,16.625,16.625,16.5625,16.5625,16.5625,16.6875,16.625,16.4375,16.25,16.25,16.25,16.125,15.9375,15.875,15.75,14.8125,14.75,14.5,14.3125,14.4375,14.3125,13.9375,13.6875,13.625,14.0625,13.6875,13.875,13.9375,13.9375,14.125,13.9375,14,14.0625,13.9375,13.9375,13.875,14.25,14.375,14.3125,14.5,14.6875,15.6875,16.0625,16.0625,16,16.25,16.4375,16.4375,16.6875,16.75,16.8125,16.875,16.9375,16.875,16.875,17,16.875,16.9375,17,16.9375,17.1875,17.125,17.125,17.125,17.0625,17.0625,17.125,17.0625,17.0625,17.25,17.5,17.25,17.4375,17.5625,17.5625,17.8125,17.8125,17.9375,18,17.9375,17.9375,18.125,18.125,18.1875,18.0625,17.9375,18.0625,18.125,18.125,18.0625,18.0625,18.1875,18.25,18.3125,18.25,18.3125,18.5,18.5,18.375,18.4375,18.5625,18.6875,18.75,18.9375,301434061846300_000004.sbd
67b3c59a0e7dc855f5480c20,1,8,1739834718,41.487908,-71.426496,1.1875,1007.6,0,8.96,1.883,18.58,4,5,0,13.4375,13.1875,13.4375,13.0625,13,13.125,13.3125,13.3125,12.9375,13,13.5,13.5,13.4375,13.125,13.3125,13.4375,13.5625,13.5,13.375,13.75,13.6875,13.6875,13.75,13.75,13.6875,14,14.0625,14.1875,13.875,13.9375,14.125,14.25,14,14.1875,14.0625,14.25,14.375,14.4375,14.375,14.25,14.1875,14.25,14.5,14.375,14.125,14.0625,14.3125,14.3125,14,13.9375,14.125,14.125,13.75,13.6875,13.75,13.6875,13.625,13.6875,13.5625,13.625,13.6875,13.875,13.625,13.125,12.75,12.4375,12.5625,12.3125,10.8125,10.4375,10.75,10.625,10.375,10.3125,10.1875,10.5625,10.4375,9.875,9.5,9.25,8,7.9375,8.3125,8.5,8.5,8.8125,8.75,8.875,9.125,9.25,9,8.625,8.875,8.9375,8.75,8.75,8.75,9.1875,9.5625,10,11.6875,12.5625,13.125,13.1875,13.5,13.75,14,14.3125,14.6875,14.8125,14.9375,15.125,15.125,15.3125,15.4375,15.375,15.5625,15.6875,15.625,15.625,15.5,15.5,15.6875,15.75,15.5,15.625,15.8125,15.5625,15.6875,15.625,15.625,15.6875,15.75,15.8125,15.75,15.6875,15.625,15.75,15.75,15.75,15.5625,15.3125,15.5625,15.75,15.75,15.625,15.75,15.75,15.875,15.8125,15.625,15.5625,15.8125,15.75,15.5625,15.625,15.6875,15.8125,15.875,16.0625,301434061846300_000000.sbd
67b3c75c0e7dc855f5480c39,1,8,1739835060,41.488424,-71.426688,-0.625,1007.7,0,4.52,1.861,18.6,6,0,0,8.875,8.6875,9,8.625,8.5625,8.75,9,9.0625,8.625,8.6875,9.1875,9.1875,9.0625,8.75,8.9375,9.0625,9.25,9.125,8.875,9.3125,9.25,9.25,9.3125,9.1875,9.25,9.5625,9.625,9.75,9.375,9.5,9.6875,9.8125,9.5625,9.75,9.625,9.8125,10,10,9.9375,9.75,9.6875,9.8125,10.0625,9.875,9.625,9.5625,9.9375,9.875,9.5,9.4375,9.6875,9.75,9.375,9.375,9.5,9.4375,9.4375,9.375,9.0625,9.125,9.3125,9.5,9.1875,8.6875,8.3125,8.125,8.5,8.375,6.3125,6.0625,6.5625,6.3125,6.125,6.1875,6.1875,6.4375,6.3125,5.75,5.0625,4.5,3.1875,3.1875,3.625,3.75,3.75,4.0625,4.0625,4.3125,4.75,5.125,4.875,4.375,4.5625,4.625,4.4375,4.4375,4.375,4.6875,5.125,5.8125,8,9,9.4375,9.5,9.8125,10.125,10.4375,10.8125,11.3125,11.5625,11.6875,11.9375,12,12.1875,12.3125,12.25,12.5,12.5625,12.5625,12.5,12.3125,12.3125,12.625,12.625,12.25,12.4375,12.5625,12.375,12.5,12.375,12.3125,12.5,12.625,12.625,12.5625,12.4375,12.4375,12.625,12.75,12.625,12.4375,12.1875,12.5,12.875,12.75,12.625,12.75,12.6875,12.9375,12.8125,12.5625,12.5625,12.875,12.6875,12.5,12.5,12.5625,12.8125,12.8125,13,301434061846300_000001.sbd
67b3c8090e7dc855f5480c51,1,8,1739835330,41.48846,-71.4268,-0.6875,1007.8,0,2.99,0.73,18.58,6,3,0,6.4375,6.3125,6.5,6.25,6.1875,6.375,6.5,6.5625,6.25,6.3125,6.75,6.75,6.625,6.5,6.5625,6.6875,6.8125,6.6875,6.5,6.8125,6.8125,6.75,6.8125,6.8125,6.8125,7.0625,7.125,7.3125,7,7.0625,7.1875,7.25,7.0625,7.25,7.1875,7.375,7.5,7.5,7.5,7.3125,7.3125,7.375,7.625,7.5,7.3125,7.25,7.5,7.4375,7.25,7.1875,7.375,7.4375,7.125,7.125,7.1875,7.125,7.125,7.0625,6.8125,6.75,6.9375,7.0625,6.75,6.4375,6.0625,6,6.3125,6.125,4.8125,4.625,5.125,4.75,4.625,4.75,4.75,4.9375,4.75,4.3125,3.5,2.9375,1.3125,1.3125,1.625,1.75,1.8125,2.125,2.125,2.4375,3.0625,3.6875,3.4375,2.875,3.0625,3,2.9375,2.875,2.875,3.125,3.5625,4.3125,5.9375,6.875,7.3125,7.3125,7.6875,7.9375,8.25,8.625,9.125,9.375,9.5625,9.8125,9.8125,10,10.25,10.125,10.5,10.5,10.5625,10.5,10.3125,10.375,10.5625,10.5625,10.25,10.4375,10.5625,10.3125,10.4375,10.375,10.3125,10.5,10.5,10.5625,10.5,10.375,10.375,10.5625,10.6875,10.6875,10.5,10.25,10.625,11.0625,11.0625,10.9375,11.0625,11,11.1875,11,10.75,10.75,11,10.8125,10.6875,10.6875,10.8125,11,11.125,11.3125,301434061846300_000002.sbd
67b3c9730e7dc855f5480c80,1,8,1739835630,41.48846,-71.426696,-1.375,1007.7,2.55,1.16,1.816,18.58,7,0,0,4.1875,3.9375,4.125,3.875,3.75,3.875,4,4.0625,3.75,3.8125,4.1875,4.1875,4.0625,4,4.125,4.25,4.375,4.3125,4.1875,4.5,4.5,4.5,4.5625,4.625,4.5625,4.8125,4.875,5.0625,4.75,4.75,5,5,4.8125,5,4.9375,5.125,5.1875,5.1875,5.1875,5.0625,5.0625,5.125,5.3125,5.25,5,5,5.1875,5.1875,5,4.9375,5.125,5.1875,4.9375,4.9375,5,4.875,4.8125,4.875,4.625,4.5,4.6875,4.8125,4.5625,4.25,4,4,4.25,3.6875,3.0625,3.125,3.8125,3.5,3.375,3.625,3.5625,3.6875,3.5625,3.125,2.375,1.875,0.0625,0,0.25,0.375,0.375,0.75,0.6875,1,1.625,2.3125,2.0625,1.5,1.5625,1.5625,1.5,1.4375,1.4375,1.6875,2.125,2.8125,4.0625,4.8125,5.125,5.125,5.5,5.625,5.875,6.25,6.625,6.875,7,7.25,7.3125,7.5,7.6875,7.625,7.9375,8,8.0625,8,7.875,7.875,8.125,8.125,7.8125,8,8.1875,7.9375,8.0625,8,7.9375,8.125,8.1875,8.1875,8.1875,8.0625,8.0625,8.25,8.4375,8.375,8.1875,7.9375,8.375,9,9.0625,8.9375,9.0625,8.9375,9.1875,8.9375,8.625,8.5625,8.75,8.5,8.3125,8.25,8.375,8.625,8.8125,9.0625,301434061846300_000003.sbd
67b5f9850e7dc855f5480f2e,1,8,1739979084,41.488472,-71.426688,7.875,1021,4.18,14.37,0.547,18.53,6,5,0,15.0625,14.875,15,14.875,14.875,14.9375,15,15.0625,15,14.9375,15.1875,15.125,15,15.0625,15.125,15.0625,15.125,15.0625,15.0625,15.1875,15.125,15.0625,15.1875,15.25,15.125,15.3125,15.25,15.4375,15.125,15.125,15.25,15.3125,15.1875,15.3125,15.25,15.375,15.3125,15.3125,15.375,15.3125,15.375,15.375,15.4375,15.4375,15.25,15.1875,15.25,15.1875,15.1875,15.0625,15.1875,15.1875,15.1875,15.1875,15.1875,15.0625,15.0625,15.1875,15.125,15.0625,15,15.125,15,14.875,14.75,14.625,14.5625,14.1875,13.8125,14.1875,14.5,14.5,14.5,14.5,14.5,14.75,14.75,14.6875,14.625,14.9375,15.0625,14.5625,14.625,14.625,14.5625,14.5625,14.375,14.3125,14.1875,13.9375,13.8125,13.75,13.9375,13.9375,13.75,13.6875,13.75,14.4375,14.6875,14.625,14.4375,14.625,14.625,14.5,14.75,14.75,14.75,14.75,14.8125,14.75,14.75,14.8125,14.6875,14.6875,14.8125,14.75,15,14.875,14.875,14.9375,14.875,14.875,14.9375,14.9375,14.8125,14.9375,15.125,14.8125,14.875,14.875,14.875,14.9375,14.9375,15,14.9375,14.875,14.75,14.875,14.8125,14.875,14.75,14.5625,14.5625,14.5,14.4375,14.3125,14.4375,14.4375,14.4375,14.5,14.4375,14.4375,14.5625,14.5625,14.4375,14.4375,14.5,14.5,14.5625,14.6875,301434061846300_000005.sbd
67b600a20e7dc855f5480f77,2,8,1739980831,41.48868,-71.426824,0.1875,1020.9,4.03,4.3,0.526,18.55,5,0,0,4.0625,4.1875,4.4375,4.5,4.625,5,5.375,5.8125,6,6.3125,6.8125,6.9375,6.9375,7,7.1875,7.25,7.4375,7.5,7.5,7.625,7.5625,7.4375,7.375,7.375,7.1875,7.375,7.375,7.625,7.375,7.4375,7.6875,7.8125,7.75,8.0625,8,8.3125,8.3125,8.375,8.4375,8.375,8.375,8.375,8.5,8.4375,8.125,7.9375,7.875,7.5625,7.1875,6.875,6.75,6.5,6,5.625,5.375,5,4.75,4.5625,4.3125,4.125,4.0625,4.1875,4,3.6875,3.4375,3.25,2.9375,2.4375,2.0625,2.1875,2.75,2.5,2.5625,2.75,2.8125,2.9375,2.9375,2.875,2.5,2.375,1.625,1.3125,1.5,1.5,1.4375,1.6875,1.5,1.6875,2.125,2.4375,2.25,1.8125,1.875,1.875,2,2.0625,2.4375,3.5625,4.3125,4.625,4.6875,5.125,5.4375,5.4375,5.8125,6.0625,6.3125,6.5,6.75,6.875,7.0625,7.25,7.25,7.4375,7.6875,7.75,8.0625,8.1875,8.25,8.3125,8.375,8.4375,8.5625,8.625,8.4375,8.6875,8.8125,8.5,8.625,8.625,8.5625,8.6875,8.625,8.625,8.6875,8.5625,8.5,8.5625,8.5625,8.625,8.5,8.375,8.625,8.9375,9.0625,8.9375,9.0625,9,9.0625,9,8.875,8.8125,9,8.9375,8.75,8.625,8.625,8.6875,8.625,8.625,301434061846300_000006.sbd
67c90c3f7310c3e27ae6452f,1,8,1741228974,70.20128,-148.444064,-13.25,1001.2,2.23,-11.99,0.52,18.53,6,5,0,-7.3125,-7.25,-6.875,-6.875,-6.8125,-6.5625,-6.3125,-6.125,-6.25,-6.125,-5.625,-5.5625,-5.625,-5.6875,-5.5,-5.25,-4.9375,-4.8125,-4.625,-4.1875,-4.0625,-4,-3.875,-3.6875,-3.625,-3.1875,-3,-2.6875,-3,-2.8125,-2.4375,-2.1875,-2.375,-2.125,-2.1875,-1.9375,-1.8125,-1.8125,-1.875,-2,-2,-2,-1.8125,-1.9375,-2.3125,-2.5625,-2.625,-2.9375,-3.375,-3.6875,-3.75,-4,-4.5,-4.875,-5.0625,-5.625,-6,-6.25,-6.6875,-7.125,-6.8125,-6.5625,-6.875,-7.4375,-7.875,-8.4375,-9.1875,-10.0625,-10.1875,-9.8125,-9.0625,-9.625,-9.8125,-9.6875,-9.6875,-9.6875,-9.9375,-10.4375,-11.1875,-11.4375,-11.1875,-10.625,-11.25,-11.875,-12.4375,-12.0625,-12.125,-11.8125,-11,-10.0625,-10.25,-11,-10.9375,-11.0625,-11.125,-11.3125,-11.375,-10.6875,-9.1875,-9.25,-9.4375,-9,-8.5625,-8.5,-7.875,-7.6875,-7.4375,-6.875,-6.0625,-5.625,-5.125,-4.625,-4.1875,-3.6875,-3.125,-2.9375,-2.3125,-2,-1.6875,-1.4375,-1.3125,-1.1875,-0.875,-0.8125,-1.1875,-0.9375,-0.75,-1.0625,-0.9375,-1.0625,-1.1875,-1.0625,-1.0625,-1.125,-1.25,-1.5625,-1.8125,-1.8125,-1.875,-1.9375,-2.25,-2.5,-1.9375,-1.1875,-1.1875,-1.4375,-1.375,-1.5625,-1.4375,-1.6875,-1.9375,-1.9375,-1.625,-1.8125,-2.0625,-2.125,-2.125,-1.9375,-1.9375,-1.8125,301434061846300_000007.sbd
67d3e3437310c3e27ae65331,51,8,1741939230,64.80854,-147.762128,0.0625,986.4,3.88,1.97,0.5,18.05,5,0,0,-1.6875,-1.875,-1.9375,-2.125,-2.1875,-2.1875,-2.3125,-2.3125,-2.4375,-2.5625,-2.5625,-2.6875,-2.875,-2.9375,-3,-3.25,-3.3125,-3.4375,-3.5625,-3.625,-3.75,-3.9375,-3.9375,-3.8125,-4.125,-4.0625,-4.125,-4,-4.4375,-4.4375,-4.375,-4.375,-4.5625,-4.4375,-4.625,-4.5,-4.6875,-4.75,-4.6875,-4.75,-4.6875,-4.875,-4.8125,-4.75,-5,-5.0625,-5,-5.0625,-5,-5.125,-5.125,-5,-5,-5.0625,-5.0625,-5.25,-5.3125,-5.125,-5.125,-5.1875,-5.25,-5.125,-5.3125,-5.4375,-5.5625,-5.625,-5.75,-6.0625,-6.1875,-6.1875,-6.1875,-6.375,-6.375,-6.5,-6.625,-6.6875,-6.875,-6.9375,-7.1875,-7.1875,-7.25,-7.3125,-7.125,-7,-6.875,-6.5625,-6.75,-6.5625,-6.4375,-6.625,-6.4375,-6.625,-6.375,-6.5,-6.4375,-6.4375,-6.3125,-6.1875,-5.875,-5.875,-5.9375,-5.5625,-5.4375,-5.625,-5.3125,-5.4375,-5.5625,-5.5,-5.375,-5.5,-5.3125,-5.125,-5.25,-5.1875,-4.875,-5,-4.625,-4.8125,-4.75,-4.625,-4.625,-4.5625,-4.5,-4.4375,-4.5625,-4.3125,-4.0625,-4.5,-4.3125,-4.1875,-4.125,-4,-4,-3.9375,-3.8125,-3.875,-3.875,-3.75,-3.75,-3.5,-3.5,-3.625,-3.375,-2.875,-2.3125,-2.0625,-1.5625,-1.4375,-1.1875,-1,-0.875,-0.6875,-0.4375,-0.25,-0.1875,-0.125,0.0625,0.3125,0.5,0.8125,301434061846300_000008.sbd
67d41b1a7310c3e27ae6537d,52,8,1741953630,64.808656,-147.76176,-5.0625,987.1,3.58,-3.78,0.5,18.08,6,0,0,-5.625,-5.875,-5.875,-6,-6.0625,-6.0625,-6.125,-6.125,-6.1875,-6.3125,-6.1875,-6.3125,-6.4375,-6.4375,-6.4375,-6.6875,-6.6875,-6.75,-6.8125,-6.875,-6.8125,-7,-6.9375,-6.75,-7.0625,-7,-7.0625,-6.875,-7.3125,-7.3125,-7.1875,-7.1875,-7.375,-7.1875,-7.375,-7.1875,-7.375,-7.4375,-7.375,-7.4375,-7.3125,-7.5,-7.4375,-7.3125,-7.5625,-7.625,-7.5625,-7.625,-7.5625,-7.625,-7.625,-7.625,-7.5625,-7.625,-7.5625,-7.8125,-7.8125,-7.6875,-7.6875,-7.75,-7.8125,-7.6875,-7.8125,-7.9375,-8.0625,-8.0625,-8.0625,-8.1875,-8.25,-8.1875,-8.1875,-8.375,-8.3125,-8.375,-8.4375,-8.5,-8.5625,-8.5625,-8.6875,-8.6875,-8.6875,-8.875,-8.75,-8.6875,-8.625,-8.3125,-8.5,-8.4375,-8.375,-8.5625,-8.3125,-8.4375,-8.25,-8.3125,-8.3125,-8.375,-8.25,-8.125,-7.9375,-8.0625,-8.1875,-7.875,-7.8125,-8.0625,-7.6875,-7.8125,-7.875,-7.8125,-7.6875,-7.875,-7.6875,-7.5625,-7.75,-7.75,-7.4375,-7.5625,-7.1875,-7.4375,-7.4375,-7.375,-7.25,-7.3125,-7.3125,-7.25,-7.4375,-7.125,-6.9375,-7.375,-7.25,-7.125,-7.125,-6.9375,-7,-6.9375,-6.8125,-6.9375,-6.9375,-6.8125,-6.875,-6.625,-6.625,-6.8125,-6.625,-6.25,-5.75,-5.625,-5.1875,-5.125,-5,-4.875,-4.75,-4.625,-4.5,-4.3125,-4.3125,-4.25,-4.125,-3.875,-3.75,-3.4375,301434061846300_000009.sbd
688c571047d08710f7fae958,1,8,1754027700,78.886608,-156.719456,3,994.7,3.88,4.79,1.347,18.03,7,5,0,6.375,6.25,6.3125,6.25,6.1875,6.1875,6.25,6.3125,6.1875,6.1875,6.375,6.3125,6.1875,6.1875,6.25,6.125,6.125,6.0625,6.0625,6.125,6.0625,6.0625,6.125,6.25,6.125,6.25,6.1875,6.375,6.0625,6.0625,6.125,6.1875,6,6.1875,6.0625,6.1875,6.0625,6.0625,6.0625,6.0625,6.1875,6.1875,6.3125,6.375,6.1875,6.125,6.1875,6.125,6.125,6,6.0625,6,5.9375,5.875,5.875,5.6875,5.6875,5.6875,5.625,5.5,5.5,5.75,5.6875,5.6875,5.6875,5.75,5.75,5.625,5.125,5.375,5.5625,5.5,5.5,5.5,5.4375,5.5625,5.5,5.4375,5.25,5.1875,4.625,4.5,4.625,4.6875,4.75,4.875,4.6875,4.75,4.6875,4.5625,4.625,4.4375,4.625,4.5,4.5,4.5,4.5,4.625,4.9375,4.9375,4.875,5.125,5.125,4.9375,5.125,5,5,5.0625,5.125,5.0625,5.1875,5.25,5.125,5.1875,5.3125,5.25,5.5,5.375,5.375,5.375,5.375,5.375,5.375,5.375,5.25,5.4375,5.625,5.25,5.3125,5.375,5.375,5.4375,5.375,5.5,5.5,5.4375,5.375,5.5,5.5,5.625,5.5625,5.375,5.5625,5.6875,5.875,5.8125,6,6,6.0625,6.0625,6.0625,6.0625,6.125,6.1875,6.125,6.0625,6.125,6.1875,6.25,6.375,301434061846300_000010.sbd
688c597047d08710f7fae9eb,1,8,1754028294,78.885296,-156.712384,1.625,994.8,3.88,3.11,1.322,18.1,5,5,0,4.8125,4.6875,4.75,4.625,4.625,4.625,4.6875,4.6875,4.625,4.625,4.8125,4.75,4.625,4.6875,4.6875,4.625,4.625,4.625,4.5625,4.6875,4.625,4.625,4.6875,4.8125,4.6875,4.8125,4.8125,4.9375,4.625,4.6875,4.75,4.8125,4.6875,4.8125,4.75,4.875,4.8125,4.8125,4.8125,4.8125,4.875,4.875,5.0625,5.125,4.9375,4.875,4.9375,4.8125,4.875,4.75,4.8125,4.8125,4.6875,4.625,4.625,4.4375,4.375,4.4375,4.3125,4.125,4.1875,4.3125,4.25,4.125,4.0625,4.0625,4,3.625,3.0625,3.1875,3.4375,3.3125,3.3125,3.25,3.25,3.3125,3.1875,3.0625,2.75,2.625,2.5625,2.4375,2.5625,2.5625,2.5625,2.75,2.6875,2.75,2.875,2.8125,2.875,2.75,2.875,2.8125,2.875,2.8125,2.875,3.0625,3.4375,3.625,3.625,3.8125,3.875,3.75,3.9375,3.875,3.875,4.0625,4.1875,4.125,4.25,4.3125,4.1875,4.3125,4.4375,4.375,4.5625,4.4375,4.4375,4.4375,4.4375,4.375,4.4375,4.4375,4.25,4.4375,4.625,4.25,4.3125,4.3125,4.3125,4.375,4.3125,4.375,4.4375,4.375,4.3125,4.4375,4.375,4.5,4.4375,4.25,4.4375,4.5625,4.6875,4.625,4.8125,4.8125,4.875,4.875,4.875,4.875,5,5.0625,4.9375,4.9375,5,5.0625,5.125,5.3125,301434061846300_000011.sbd
688d89a447d08710f7faebef,1,8,1754106228,78.884872,-156.115024,-0.25,1011.6,3.88,0.25,0.585,18.05,7,4,0,0.0625,-0.0625,-0.0625,-0.125,-0.1875,-0.1875,-0.1875,-0.125,-0.1875,-0.1875,-0.0625,-0.125,-0.25,-0.125,-0.0625,-0.1875,-0.1875,-0.125,-0.125,-0.0625,-0.0625,-0.0625,0,0.25,0,0.125,0.125,0.3125,-0.0625,0,0.125,0.1875,0,0.1875,0.125,0.25,0.125,0.125,0.1875,0.1875,0.25,0.25,0.3125,0.375,0.1875,0.1875,0.1875,0.25,0.3125,0.1875,0.3125,0.375,0.3125,0.375,0.375,0.25,0.25,0.375,0.375,0.3125,0.3125,0.4375,0.375,0.3125,0.25,0.3125,0.3125,0.3125,0.3125,0.4375,0.5,0.4375,0.5,0.4375,0.4375,0.5,0.5,0.5,0.3125,0.5,0.625,0.4375,0.5625,0.5625,0.5625,0.75,0.5625,0.625,0.625,0.4375,0.5625,0.375,0.5625,0.375,0.25,0.3125,0.375,0.5625,0.625,0.5,0.3125,0.5,0.4375,0.25,0.5,0.4375,0.375,0.4375,0.4375,0.3125,0.375,0.4375,0.25,0.25,0.4375,0.3125,0.5625,0.375,0.375,0.375,0.4375,0.375,0.375,0.375,0.25,0.5,0.625,0.25,0.3125,0.3125,0.3125,0.4375,0.3125,0.375,0.375,0.3125,0.25,0.3125,0.25,0.4375,0.375,0.125,0.1875,0.25,0.375,0.25,0.375,0.3125,0.3125,0.3125,0.25,0.3125,0.3125,0.375,0.25,0.25,0.3125,0.3125,0.375,0.5625,301434061846300_000012.sbd
688d8d8d21a83bf16dfaeb2d,2,8,1754107230,78.884384,-156.099312,-0.375,1011.6,3.88,0.52,0.556,18.1,7,5,0,0.125,0,-0.0625,-0.0625,-0.125,-0.0625,-0.125,-0.0625,-0.0625,-0.125,0,-0.0625,-0.1875,-0.0625,0,-0.1875,-0.125,-0.125,-0.125,-0.0625,-0.0625,-0.125,-0.0625,0.1875,-0.0625,0.0625,0,0.1875,-0.125,-0.0625,0,0.0625,-0.125,0.125,0,0.1875,0.0625,0.0625,0.125,0.125,0.1875,0.125,0.1875,0.25,0.0625,0.0625,0.125,0.125,0.1875,0.0625,0.1875,0.25,0.1875,0.25,0.25,0.125,0.125,0.25,0.25,0.1875,0.1875,0.3125,0.1875,0.125,0.0625,0.0625,0,-0.0625,-0.125,0,0.125,0,0.0625,0.0625,0.0625,0.0625,0,0.0625,-0.125,0,0.5,0.3125,0.375,0.375,0.375,0.5,0.375,0.375,0.375,0.1875,0.375,0.1875,0.3125,0.25,0.125,0.0625,0.0625,0.25,0.3125,0.1875,0.0625,0.3125,0.25,0.125,0.375,0.3125,0.3125,0.375,0.3125,0.25,0.3125,0.375,0.1875,0.1875,0.375,0.3125,0.5,0.375,0.3125,0.375,0.375,0.3125,0.3125,0.3125,0.1875,0.375,0.5,0.125,0.1875,0.25,0.25,0.3125,0.1875,0.25,0.25,0.1875,0.125,0.1875,0.125,0.25,0.1875,0,0,0.0625,0.1875,0.0625,0.25,0.1875,0.1875,0.1875,0.1875,0.1875,0.1875,0.3125,0.1875,0.1875,0.25,0.25,0.3125,0.5,301434061846300_000013.sbd
688dc5c947d08710f7faed5a,3,8,1754121630,78.863016,-155.935088,-0.8125,1011.8,1.33,-1.83,1.053,18.1,8,5,0,-0.3125,-0.4375,-0.4375,-0.5,-0.5,-0.5,-0.5,-0.4375,-0.4375,-0.4375,-0.375,-0.375,-0.5,-0.4375,-0.375,-0.5,-0.4375,-0.4375,-0.4375,-0.4375,-0.4375,-0.5,-0.4375,-0.1875,-0.5,-0.375,-0.375,-0.25,-0.5625,-0.5,-0.5,-0.5,-0.75,-0.5625,-0.8125,-0.6875,-0.875,-0.75,-0.5,-0.3125,-0.25,-0.3125,-0.3125,-0.1875,-0.375,-0.4375,-0.375,-0.4375,-0.375,-0.5,-0.4375,-0.375,-0.375,-0.375,-0.375,-0.5,-0.5,-0.375,-0.375,-0.4375,-0.5,-0.3125,-0.375,-0.4375,-0.5,-0.5,-0.5,-0.5,-0.5625,-0.4375,-0.4375,-0.5,-0.4375,-0.5,-0.5,-0.5,-0.5625,-0.5,-0.625,-0.5625,-0.5625,-0.75,-0.625,-0.625,-0.5625,-0.375,-0.5625,-0.5,-0.5,-0.6875,-0.5,-0.6875,-0.4375,-0.625,-0.625,-0.625,-0.5625,-0.5625,-0.4375,-0.5,-0.6875,-0.625,-0.75,-1.25,-1.1875,-1.3125,-1.3125,-1.3125,-1.3125,-1.4375,-1.3125,-1.3125,-1.5,-1.4375,-1.3125,-1.375,-1.1875,-1.3125,-1.375,-1.3125,-1.25,-1.3125,-1.3125,-1.375,-1.5,-1.25,-1.0625,-1.5,-1.375,-1.375,-1.25,-1.25,-1.3125,-1.25,-1.1875,-1.25,-1.3125,-1.25,-1.3125,-1.1875,-1.25,-1.4375,-1.4375,-1.4375,-1.3125,-1.4375,-1.3125,-1.3125,-1.375,-1.375,-1.375,-1.375,-1.375,-1.3125,-1.375,-1.4375,-1.375,-1.375,-1.3125,-1.1875,301434061846300_000014.sbd
688dfe1047d08710f7faedef,4,8,1754136031,78.85308,-155.915936,-1.25,1012,1.35,-1.85,1.034,18.08,8,3,0,-0.875,-1,-1,-1,-1.0625,-1,-1.0625,-1,-1,-1,-0.875,-0.9375,-1.0625,-0.9375,-0.875,-1,-1,-1,-1,-0.9375,-0.9375,-1,-0.9375,-0.6875,-0.9375,-0.8125,-0.875,-0.6875,-1,-1,-0.875,-0.8125,-0.9375,-0.75,-0.875,-0.6875,-0.75,-0.5625,-0.3125,-0.375,-0.25,-0.375,-0.3125,-0.25,-0.375,-0.4375,-0.4375,-0.4375,-0.4375,-0.5625,-0.5,-0.4375,-0.4375,-0.4375,-0.375,-0.5,-0.5,-0.375,-0.375,-0.4375,-0.5,-0.3125,-0.4375,-0.4375,-0.5625,-0.5,-0.5,-0.5625,-0.5,-0.5,-0.4375,-0.5625,-0.5,-0.5,-0.5625,-0.5625,-0.5625,-0.5,-0.625,-0.5625,-0.625,-0.75,-0.6875,-0.625,-0.625,-0.4375,-0.625,-0.5625,-0.5625,-0.8125,-0.6875,-0.8125,-0.8125,-0.9375,-0.9375,-1.0625,-1.0625,-1.1875,-1.25,-1.3125,-1.4375,-1.3125,-1.3125,-1.5,-1.25,-1.3125,-1.375,-1.3125,-1.3125,-1.4375,-1.3125,-1.3125,-1.5,-1.5,-1.3125,-1.375,-1.1875,-1.3125,-1.375,-1.3125,-1.3125,-1.3125,-1.3125,-1.3125,-1.4375,-1.25,-1.0625,-1.5,-1.375,-1.375,-1.3125,-1.25,-1.375,-1.3125,-1.25,-1.3125,-1.375,-1.3125,-1.3125,-1.1875,-1.25,-1.5,-1.4375,-1.4375,-1.3125,-1.4375,-1.3125,-1.375,-1.375,-1.375,-1.375,-1.375,-1.375,-1.3125,-1.375,-1.4375,-1.4375,-1.375,-1.375,-1.1875,301434061846300_000015.sbd
688e367047d08710f7faee99,5,8,1754150431,78.867552,-155.785216,-1.6875,1010.8,1.36,-1.85,1.026,18.08,7,5,0,-0.5625,-0.6875,-0.75,-0.75,-0.8125,-0.8125,-0.8125,-0.75,-0.75,-0.75,-0.6875,-0.6875,-0.875,-0.75,-0.75,-0.875,-0.8125,-0.875,-0.875,-0.8125,-0.8125,-0.875,-0.8125,-0.625,-0.875,-0.8125,-0.875,-0.75,-1.1875,-1.1875,-1.1875,-1.125,-1.1875,-0.9375,-1,-0.75,-0.75,-0.5,-0.3125,-0.3125,-0.25,-0.3125,-0.3125,-0.1875,-0.375,-0.4375,-0.375,-0.4375,-0.4375,-0.5625,-0.4375,-0.375,-0.4375,-0.4375,-0.375,-0.5,-0.5,-0.375,-0.375,-0.4375,-0.4375,-0.3125,-0.375,-0.4375,-0.5,-0.5,-0.5,-0.5,-0.5,-0.4375,-0.4375,-0.5,-0.4375,-0.5,-0.5,-0.5,-0.5625,-0.5,-0.6875,-0.625,-0.6875,-0.875,-0.8125,-0.8125,-0.75,-0.6875,-0.875,-0.8125,-0.8125,-1.0625,-0.875,-1.0625,-0.9375,-1.1875,-1.375,-1.4375,-1.375,-1.375,-1.25,-1.3125,-1.5,-1.25,-1.3125,-1.5,-1.25,-1.3125,-1.375,-1.3125,-1.3125,-1.4375,-1.375,-1.25,-1.5,-1.5,-1.3125,-1.375,-1.1875,-1.3125,-1.375,-1.3125,-1.3125,-1.3125,-1.3125,-1.3125,-1.4375,-1.25,-1.0625,-1.5,-1.375,-1.3125,-1.3125,-1.25,-1.375,-1.3125,-1.1875,-1.3125,-1.3125,-1.25,-1.3125,-1.1875,-1.25,-1.5,-1.4375,-1.4375,-1.3125,-1.4375,-1.3125,-1.375,-1.4375,-1.375,-1.375,-1.375,-1.375,-1.3125,-1.375,-1.4375,-1.375,-1.375,-1.375,-1.1875,301434061846300_000016.sbd
688e6eb147d08710f7faef98,6,8,1754164830,78.858904,-155.608976,-0.8125,1009.6,1.36,-1.83,1.023,18.08,6,5,0,0.9375,0.75,0.8125,0.625,0.5625,0.6875,0.625,0.6875,0.6875,0.625,0.6875,0.6875,0.5625,0.5625,0.6875,0.5,0.5,0.4375,0.5,0.5625,0.5,0.4375,0.5625,0.6875,0.375,0.5,0.375,0.4375,-0.0625,-0.125,-0.1875,-0.1875,-0.375,-0.25,-0.4375,-0.3125,-0.375,-0.375,-0.3125,-0.3125,-0.1875,-0.3125,-0.25,-0.1875,-0.375,-0.375,-0.375,-0.4375,-0.375,-0.5,-0.375,-0.3125,-0.3125,-0.3125,-0.3125,-0.4375,-0.4375,-0.3125,-0.3125,-0.375,-0.4375,-0.25,-0.3125,-0.375,-0.5,-0.4375,-0.4375,-0.5,-0.5,-0.4375,-0.375,-0.5625,-0.5,-0.5,-0.5625,-0.5625,-0.625,-0.6875,-0.8125,-0.75,-0.8125,-1,-0.9375,-0.875,-0.875,-0.6875,-0.875,-0.875,-0.875,-1.125,-0.9375,-1.125,-1.1875,-1.375,-1.375,-1.4375,-1.375,-1.3125,-1.1875,-1.3125,-1.4375,-1.25,-1.25,-1.4375,-1.1875,-1.3125,-1.375,-1.3125,-1.3125,-1.4375,-1.375,-1.3125,-1.4375,-1.4375,-1.3125,-1.375,-1.125,-1.3125,-1.3125,-1.3125,-1.25,-1.3125,-1.3125,-1.3125,-1.5,-1.25,-1.0625,-1.5,-1.375,-1.3125,-1.3125,-1.25,-1.3125,-1.3125,-1.1875,-1.3125,-1.3125,-1.25,-1.3125,-1.1875,-1.25,-1.5,-1.4375,-1.4375,-1.3125,-1.4375,-1.3125,-1.375,-1.375,-1.375,-1.375,-1.375,-1.375,-1.25,-1.375,-1.4375,-1.375,-1.375,-1.375,-1.1875,301434061846300_000017.sbd
688ea6c447d08710f7faef9b,7,8,1754179230,78.84604,-155.58304,0.1875,1009.5,1.36,-1.83,1.033,18.05,5,5,0,1.625,1.5625,1.5625,1.625,1.375,1.4375,1.0625,1.3125,1.3125,1.4375,1.4375,1.5,1.25,1.3125,1.4375,1.3125,1.1875,1.375,1.4375,1.5,1.4375,1.4375,1.5625,1.6875,1.5,1.5625,1.5,1.6875,1.25,1,0.6875,0.4375,0.1875,0.3125,0.0625,0.125,0,0,-0.25,-0.25,-0.125,-0.1875,-0.125,-0.0625,-0.25,-0.25,-0.1875,-0.25,-0.25,-0.3125,-0.3125,-0.1875,-0.1875,-0.1875,-0.1875,-0.3125,-0.3125,-0.1875,-0.1875,-0.25,-0.3125,-0.1875,-0.25,-0.3125,-0.375,-0.375,-0.375,-0.375,-0.4375,-0.4375,-0.375,-0.5,-0.5,-0.5,-0.5625,-0.625,-0.625,-0.625,-0.75,-0.6875,-0.75,-0.9375,-0.875,-0.875,-0.875,-0.6875,-0.875,-0.8125,-0.875,-1.125,-1,-1.1875,-1.0625,-1.1875,-1.375,-1.3125,-1.3125,-1.3125,-1.25,-1.3125,-1.4375,-1.25,-1.25,-1.4375,-1.25,-1.3125,-1.3125,-1.3125,-1.3125,-1.4375,-1.3125,-1.3125,-1.4375,-1.4375,-1.3125,-1.375,-1.125,-1.3125,-1.25,-1.3125,-1.25,-1.25,-1.3125,-1.3125,-1.5,-1.1875,-1.0625,-1.5,-1.375,-1.3125,-1.25,-1.1875,-1.3125,-1.25,-1.1875,-1.25,-1.3125,-1.25,-1.3125,-1.1875,-1.25,-1.4375,-1.4375,-1.375,-1.3125,-1.4375,-1.3125,-1.375,-1.375,-1.375,-1.375,-1.375,-1.375,-1.25,-1.375,-1.4375,-1.375,-1.375,-1.3125,-1.1875,301434061846300_000018.sbd
688edf0647d08710f7faf046,8,8,1754193630,78.855272,-155.531456,0.0625,1008.7,1.38,-1.81,1.029,18.05,8,5,0,1.5,1.3125,1.3125,1.3125,1.3125,1.25,1.25,1.25,1.3125,1.25,1.3125,1.375,1.1875,1.3125,1.375,1.25,1.1875,1.125,1.25,1.25,1.25,1.1875,1.3125,1.5,1.25,1.3125,1.25,1.4375,0.9375,0.6875,0.5625,0.4375,0.125,0.25,0,0.0625,-0.0625,-0.1875,-0.25,-0.25,-0.1875,-0.25,-0.1875,-0.125,-0.3125,-0.3125,-0.3125,-0.3125,-0.1875,-0.3125,-0.1875,-0.1875,-0.1875,-0.1875,-0.1875,-0.3125,-0.3125,-0.1875,-0.1875,-0.25,-0.3125,-0.1875,-0.25,-0.3125,-0.4375,-0.375,-0.4375,-0.4375,-0.5,-0.5,-0.4375,-0.5625,-0.5,-0.5625,-0.5625,-0.625,-0.625,-0.625,-0.75,-0.6875,-0.75,-0.9375,-0.875,-0.875,-0.8125,-0.6875,-0.875,-0.8125,-0.875,-1.1875,-0.9375,-1.1875,-1,-1.1875,-1.25,-1.3125,-1.3125,-1.25,-1.25,-1.3125,-1.4375,-1.25,-1.25,-1.4375,-1.1875,-1.3125,-1.3125,-1.3125,-1.25,-1.4375,-1.3125,-1.3125,-1.5,-1.4375,-1.3125,-1.375,-1.125,-1.3125,-1.25,-1.3125,-1.25,-1.3125,-1.3125,-1.3125,-1.4375,-1.1875,-1.0625,-1.5,-1.375,-1.3125,-1.3125,-1.1875,-1.3125,-1.25,-1.1875,-1.25,-1.3125,-1.25,-1.3125,-1.125,-1.1875,-1.4375,-1.4375,-1.4375,-1.3125,-1.4375,-1.3125,-1.3125,-1.375,-1.3125,-1.375,-1.375,-1.375,-1.25,-1.375,-1.4375,-1.375,-1.375,-1.3125,-1.1875,301434061846300_000019.sbd
688f175447d08710f7faf0b4,9,8,1754208030,78.845128,-155.450208,-1.125,1009,1.38,-1.83,1.027,18.05,7,4,0,-0.5625,-0.6875,-0.6875,-0.75,-0.8125,-0.75,-0.75,-0.6875,-0.75,-0.75,-0.6875,-0.6875,-0.8125,-0.6875,-0.625,-0.75,-0.75,-0.75,-0.75,-0.6875,-0.6875,-0.6875,-0.625,-0.4375,-0.6875,-0.5625,-0.625,-0.4375,-0.8125,-0.8125,-0.75,-0.6875,-0.8125,-0.5625,-0.5625,-0.375,-0.5,-0.375,-0.3125,-0.3125,-0.25,-0.3125,-0.25,-0.1875,-0.375,-0.375,-0.375,-0.375,-0.3125,-0.4375,-0.375,-0.3125,-0.3125,-0.3125,-0.3125,-0.4375,-0.4375,-0.3125,-0.3125,-0.375,-0.4375,-0.25,-0.4375,-0.4375,-0.5,-0.5,-0.5625,-0.5625,-0.625,-0.5625,-0.5625,-0.625,-0.5625,-0.625,-0.6875,-0.6875,-0.6875,-0.6875,-0.8125,-0.75,-0.8125,-1,-0.9375,-0.875,-0.875,-0.75,-0.9375,-0.875,-0.9375,-1.125,-1,-1.1875,-1,-1.1875,-1.25,-1.3125,-1.3125,-1.3125,-1.25,-1.3125,-1.4375,-1.25,-1.3125,-1.4375,-1.1875,-1.3125,-1.3125,-1.3125,-1.3125,-1.4375,-1.3125,-1.3125,-1.4375,-1.4375,-1.3125,-1.375,-1.125,-1.3125,-1.375,-1.3125,-1.25,-1.3125,-1.3125,-1.3125,-1.4375,-1.25,-1.0625,-1.5,-1.375,-1.3125,-1.3125,-1.1875,-1.3125,-1.25,-1.1875,-1.25,-1.3125,-1.25,-1.3125,-1.125,-1.25,-1.4375,-1.4375,-1.4375,-1.3125,-1.4375,-1.3125,-1.375,-1.375,-1.375,-1.375,-1.375,-1.375,-1.25,-1.375,-1.4375,-1.4375,-1.375,-1.375,-1.1875,301434061846300_000020.sbd
688f4fac47d08710f7faf148,10,8,1754222430,78.828224,-155.496144,-1.9375,1009.2,0.3,-1.85,1.025,18.05,4,5,0,-1.5,-1.625,-1.625,-1.6875,-1.75,-1.6875,-1.6875,-1.625,-1.625,-1.6875,-1.5625,-1.5625,-1.75,-1.5625,-1.5625,-1.6875,-1.625,-1.625,-1.625,-1.625,-1.625,-1.6875,-1.5625,-1.375,-1.625,-1.5,-1.5625,-1.375,-1.8125,-1.75,-1.625,-1.5625,-1.625,-1.375,-1.25,-0.875,-0.8125,-0.5,-0.3125,-0.3125,-0.25,-0.3125,-0.25,-0.1875,-0.375,-0.4375,-0.375,-0.4375,-0.375,-0.4375,-0.4375,-0.375,-0.375,-0.375,-0.375,-0.5,-0.5,-0.375,-0.375,-0.4375,-0.5,-0.375,-0.4375,-0.5,-0.625,-0.625,-0.625,-0.625,-0.625,-0.625,-0.5625,-0.6875,-0.625,-0.6875,-0.6875,-0.75,-0.8125,-0.75,-0.9375,-0.8125,-0.875,-1.0625,-1,-0.9375,-0.9375,-0.8125,-0.9375,-0.9375,-1,-1.1875,-1.0625,-1.25,-1.125,-1.25,-1.4375,-1.375,-1.375,-1.375,-1.25,-1.3125,-1.5,-1.3125,-1.3125,-1.5,-1.1875,-1.3125,-1.375,-1.3125,-1.3125,-1.4375,-1.375,-1.3125,-1.5,-1.4375,-1.3125,-1.375,-1.1875,-1.3125,-1.375,-1.3125,-1.3125,-1.3125,-1.3125,-1.3125,-1.4375,-1.25,-1.0625,-1.5,-1.375,-1.3125,-1.3125,-1.25,-1.375,-1.25,-1.25,-1.3125,-1.3125,-1.25,-1.3125,-1.1875,-1.25,-1.5,-1.4375,-1.4375,-1.3125,-1.4375,-1.375,-1.375,-1.4375,-1.375,-1.375,-1.375,-1.375,-1.25,-1.375,-1.4375,-1.375,-1.375,-1.375,-1.1875,301434061846300_000021.sbd
688f87ec47d08710f7faf19f,11,8,1754236830,78.831816,-155.487984,-1.375,1009.4,1.38,-1.85,1.026,18.03,4,5,0,-0.875,-1,-1.0625,-1.0625,-1.125,-1.0625,-1.125,-1.0625,-1.0625,-1.125,-1,-1,-1.125,-1,-0.9375,-1.125,-1.0625,-1.0625,-1.0625,-1,-1,-1.0625,-0.9375,-0.75,-0.9375,-0.875,-0.875,-0.75,-1.0625,-1,-0.9375,-0.9375,-1.0625,-0.875,-0.9375,-0.625,-0.6875,-0.4375,-0.3125,-0.3125,-0.25,-0.3125,-0.25,-0.1875,-0.3125,-0.375,-0.3125,-0.3125,-0.25,-0.3125,-0.3125,-0.25,-0.3125,-0.3125,-0.3125,-0.4375,-0.4375,-0.375,-0.375,-0.375,-0.5,-0.3125,-0.4375,-0.5,-0.5625,-0.5625,-0.5625,-0.625,-0.625,-0.5625,-0.5625,-0.625,-0.625,-0.625,-0.6875,-0.6875,-0.75,-0.75,-0.875,-0.8125,-0.8125,-1,-0.9375,-0.9375,-0.9375,-0.75,-0.9375,-0.9375,-0.9375,-1.1875,-1.0625,-1.25,-1.125,-1.25,-1.3125,-1.375,-1.375,-1.375,-1.1875,-1.3125,-1.5,-1.25,-1.3125,-1.5,-1.25,-1.3125,-1.375,-1.3125,-1.3125,-1.4375,-1.375,-1.3125,-1.5,-1.5,-1.3125,-1.375,-1.125,-1.3125,-1.3125,-1.3125,-1.3125,-1.3125,-1.3125,-1.375,-1.4375,-1.25,-1.0625,-1.5,-1.375,-1.375,-1.3125,-1.25,-1.375,-1.3125,-1.1875,-1.3125,-1.375,-1.3125,-1.3125,-1.1875,-1.25,-1.5,-1.4375,-1.4375,-1.375,-1.5,-1.375,-1.375,-1.4375,-1.375,-1.375,-1.4375,-1.375,-1.3125,-1.4375,-1.4375,-1.375,-1.4375,-1.375,-1.25,301434061846300_000022.sbd
688fc02947d08710f7faf233,12,8,1754251230,78.812832,-155.406416,-1.25,1010.3,0.3,-1.85,1.028,18.03,7,5,0,0.125,-0.0625,-0.0625,-0.125,-0.1875,-0.1875,-0.1875,-0.125,-0.1875,-0.1875,-0.0625,-0.125,-0.25,-0.125,-0.0625,-0.1875,-0.1875,-0.1875,-0.1875,-0.125,-0.0625,-0.125,0,0.1875,-0.0625,0.0625,0.0625,0.1875,-0.25,-0.3125,-0.375,-0.4375,-0.625,-0.4375,-0.625,-0.4375,-0.4375,-0.375,-0.25,-0.25,-0.125,-0.1875,-0.1875,-0.0625,-0.25,-0.25,-0.1875,-0.1875,-0.0625,-0.125,-0.125,-0.0625,-0.125,-0.125,-0.125,-0.3125,-0.3125,-0.25,-0.1875,-0.25,-0.3125,-0.1875,-0.3125,-0.375,-0.4375,-0.4375,-0.4375,-0.5,-0.5,-0.4375,-0.4375,-0.5625,-0.5,-0.5625,-0.625,-0.625,-0.625,-0.625,-0.8125,-0.6875,-0.75,-0.9375,-0.875,-0.875,-0.875,-0.75,-0.9375,-0.875,-0.9375,-1.1875,-1,-1.25,-1,-1.25,-1.3125,-1.375,-1.375,-1.3125,-1.25,-1.3125,-1.5,-1.25,-1.3125,-1.5,-1.25,-1.3125,-1.375,-1.3125,-1.3125,-1.4375,-1.375,-1.3125,-1.5,-1.5,-1.3125,-1.375,-1.1875,-1.375,-1.375,-1.3125,-1.25,-1.3125,-1.3125,-1.3125,-1.4375,-1.25,-1.0625,-1.5,-1.375,-1.375,-1.3125,-1.25,-1.375,-1.3125,-1.25,-1.3125,-1.3125,-1.3125,-1.3125,-1.1875,-1.25,-1.5,-1.4375,-1.4375,-1.3125,-1.4375,-1.375,-1.375,-1.375,-1.375,-1.375,-1.375,-1.375,-1.3125,-1.4375,-1.4375,-1.375,-1.375,-1.375,-1.1875,301434061846300_000023.sbd
688ff84021a83bf16dfaf07f,13,8,1754265630,78.792944,-155.469696,-1.3125,1011.5,1.38,-1.83,1.029,18.03,6,5,0,0.625,0.4375,0.4375,0.3125,0.1875,0.1875,0.1875,0.25,0.1875,0.125,0.25,0.1875,0.125,0.125,0.1875,0.125,0.1875,0.1875,0.125,0.25,0.25,0.1875,0.3125,0.5,0.25,0.375,0.3125,0.375,-0.25,-0.3125,-0.4375,-0.5,-0.6875,-0.5625,-0.625,-0.4375,-0.4375,-0.3125,-0.25,-0.25,-0.125,-0.125,-0.0625,0.0625,-0.125,-0.125,0,0.0625,0.125,0.0625,0.0625,0.0625,0.0625,0.0625,0.0625,-0.125,-0.125,0,-0.0625,-0.0625,-0.1875,-0.0625,-0.125,-0.1875,-0.3125,-0.25,-0.3125,-0.3125,-0.3125,-0.3125,-0.3125,-0.4375,-0.375,-0.4375,-0.4375,-0.4375,-0.5,-0.5,-0.5625,-0.5,-0.5625,-0.8125,-0.75,-0.75,-0.75,-0.625,-0.8125,-0.8125,-0.875,-1.125,-1,-1.25,-1,-1.1875,-1.3125,-1.375,-1.375,-1.3125,-1.1875,-1.3125,-1.4375,-1.25,-1.25,-1.5,-1.1875,-1.3125,-1.375,-1.3125,-1.3125,-1.4375,-1.375,-1.3125,-1.4375,-1.4375,-1.3125,-1.375,-1.125,-1.3125,-1.375,-1.3125,-1.3125,-1.3125,-1.3125,-1.3125,-1.4375,-1.25,-1.0625,-1.5,-1.375,-1.375,-1.3125,-1.25,-1.3125,-1.25,-1.1875,-1.3125,-1.375,-1.25,-1.3125,-1.125,-1.25,-1.4375,-1.4375,-1.375,-1.3125,-1.4375,-1.3125,-1.375,-1.375,-1.375,-1.375,-1.375,-1.375,-1.25,-1.375,-1.4375,-1.375,-1.375,-1.375,-1.1875,301434061846300_000024.sbd
6890308521a83bf16dfaf0d4,14,8,1754280030,78.798016,-155.466192,-1.5625,1012.6,1.38,-1.83,1.022,18.03,8,5,0,1.8125,1.5625,1.5625,1.4375,1.3125,1.3125,1.3125,1.25,1.3125,1.25,1.1875,1.25,1,1,1.125,0.9375,0.875,0.9375,0.9375,0.9375,1.0625,1,1.0625,1.25,0.9375,1.1875,1.125,1.1875,-0.25,-0.9375,-1.0625,-1.125,-1.25,-1.0625,-1.125,-0.8125,-0.625,-0.375,-0.25,-0.25,-0.125,-0.1875,-0.125,-0.0625,-0.25,-0.25,-0.125,-0.125,0,-0.125,-0.125,-0.0625,-0.0625,-0.0625,-0.125,-0.25,-0.25,-0.125,-0.125,-0.1875,-0.3125,-0.125,-0.25,-0.3125,-0.375,-0.375,-0.375,-0.4375,-0.4375,-0.4375,-0.375,-0.5,-0.4375,-0.5,-0.5,-0.5,-0.5625,-0.5625,-0.6875,-0.5625,-0.625,-0.875,-0.8125,-0.8125,-0.8125,-0.6875,-0.875,-0.875,-0.9375,-1.1875,-1.0625,-1.25,-1.0625,-1.375,-1.4375,-1.4375,-1.375,-1.3125,-1.1875,-1.3125,-1.4375,-1.25,-1.25,-1.4375,-1.1875,-1.3125,-1.3125,-1.3125,-1.3125,-1.4375,-1.3125,-1.3125,-1.5,-1.4375,-1.3125,-1.375,-1.125,-1.3125,-1.375,-1.3125,-1.25,-1.3125,-1.3125,-1.3125,-1.4375,-1.25,-1.0625,-1.5,-1.375,-1.3125,-1.3125,-1.25,-1.3125,-1.25,-1.1875,-1.25,-1.3125,-1.25,-1.3125,-1.125,-1.25,-1.4375,-1.4375,-1.4375,-1.3125,-1.4375,-1.3125,-1.375,-1.4375,-1.375,-1.375,-1.375,-1.375,-1.25,-1.4375,-1.4375,-1.375,-1.375,-1.375,-1.1875,301434061846300_000025.sbd
689068ef21a83bf16dfaf1bc,15,8,1754294430,78.781616,-155.371664,-2.4375,1013.2,1.38,-1.83,1.018,18,8,5,0,-1.8125,-1.9375,-2,-2,-2.0625,-2,-2.0625,-2,-2,-2,-1.875,-1.875,-2.0625,-1.9375,-1.875,-2,-2,-2,-2,-1.9375,-1.9375,-2,-1.8125,-1.625,-1.875,-1.75,-1.75,-1.625,-2.0625,-2.125,-2.0625,-2,-2.125,-1.875,-1.75,-1.25,-0.9375,-0.4375,-0.3125,-0.3125,-0.25,-0.3125,-0.25,-0.125,-0.3125,-0.375,-0.3125,-0.3125,-0.25,-0.375,-0.3125,-0.25,-0.3125,-0.3125,-0.3125,-0.4375,-0.4375,-0.3125,-0.375,-0.375,-0.5,-0.3125,-0.4375,-0.5,-0.5625,-0.5625,-0.5625,-0.625,-0.625,-0.625,-0.5625,-0.6875,-0.625,-0.625,-0.6875,-0.6875,-0.6875,-0.6875,-0.875,-0.75,-0.8125,-1,-0.9375,-0.9375,-0.9375,-0.8125,-1,-1,-1.0625,-1.3125,-1.125,-1.25,-1.1875,-1.375,-1.375,-1.4375,-1.4375,-1.375,-1.25,-1.3125,-1.5,-1.25,-1.3125,-1.5,-1.25,-1.3125,-1.3125,-1.3125,-1.3125,-1.4375,-1.375,-1.25,-1.5,-1.4375,-1.3125,-1.375,-1.125,-1.3125,-1.3125,-1.3125,-1.25,-1.3125,-1.3125,-1.3125,-1.5,-1.1875,-1.0625,-1.5,-1.375,-1.375,-1.3125,-1.25,-1.3125,-1.25,-1.1875,-1.3125,-1.3125,-1.25,-1.3125,-1.125,-1.25,-1.5,-1.4375,-1.375,-1.3125,-1.4375,-1.3125,-1.375,-1.375,-1.375,-1.4375,-1.375,-1.375,-1.3125,-1.4375,-1.4375,-1.375,-1.375,-1.3125,-1.1875,301434061846300_000026.sbd
6890a13947d08710f7faf548,16,8,1754308830,78.762864,-155.42048,-2.6875,1013.9,1.38,-1.85,1.017,18,7,4,0,-2.3125,-2.4375,-2.4375,-2.4375,-2.5,-2.5,-2.5,-2.4375,-2.4375,-2.4375,-2.375,-2.375,-2.5,-2.375,-2.3125,-2.4375,-2.4375,-2.4375,-2.375,-2.375,-2.375,-2.4375,-2.3125,-2.125,-2.3125,-2.1875,-2.25,-2.125,-2.4375,-2.4375,-2.375,-2.3125,-2.375,-2.0625,-2,-1.625,-1.25,-0.5625,-0.3125,-0.3125,-0.25,-0.3125,-0.25,-0.1875,-0.375,-0.375,-0.375,-0.375,-0.3125,-0.4375,-0.375,-0.3125,-0.375,-0.375,-0.375,-0.5,-0.5,-0.4375,-0.4375,-0.5,-0.5625,-0.4375,-0.5,-0.5625,-0.6875,-0.625,-0.6875,-0.6875,-0.6875,-0.625,-0.625,-0.6875,-0.625,-0.6875,-0.75,-0.75,-0.8125,-0.8125,-0.9375,-0.8125,-0.875,-1.125,-1.0625,-1.0625,-1.0625,-0.875,-1.125,-1.0625,-1.125,-1.375,-1.1875,-1.4375,-1.25,-1.375,-1.4375,-1.4375,-1.4375,-1.375,-1.25,-1.3125,-1.5,-1.25,-1.3125,-1.5,-1.1875,-1.3125,-1.375,-1.3125,-1.3125,-1.4375,-1.375,-1.3125,-1.5,-1.5,-1.3125,-1.375,-1.1875,-1.375,-1.375,-1.3125,-1.3125,-1.3125,-1.3125,-1.3125,-1.4375,-1.25,-1.0625,-1.5,-1.375,-1.375,-1.3125,-1.25,-1.375,-1.3125,-1.25,-1.3125,-1.3125,-1.3125,-1.3125,-1.1875,-1.25,-1.5,-1.5,-1.4375,-1.3125,-1.4375,-1.3125,-1.375,-1.375,-1.375,-1.375,-1.4375,-1.375,-1.3125,-1.4375,-1.4375,-1.4375,-1.375,-1.375,-1.1875,301434061846300_000027.sbd
6890d96947d08710f7faf5f3,17,8,1754323231,78.77276,-155.401152,-1.375,1014.1,1.38,-1.85,1.02,17.98,5,5,0,-0.75,-0.875,-0.875,-0.9375,-1,-0.875,-0.9375,-0.875,-0.875,-0.875,-0.75,-0.8125,-0.9375,-0.8125,-0.75,-0.875,-0.9375,-0.9375,-0.875,-0.875,-0.875,-0.9375,-0.8125,-0.625,-0.875,-0.6875,-0.6875,-0.5,-0.9375,-1,-1.0625,-1.0625,-1.3125,-1.125,-1.25,-1,-0.875,-0.5,-0.3125,-0.25,-0.1875,-0.25,-0.1875,-0.125,-0.3125,-0.3125,-0.25,-0.3125,-0.25,-0.375,-0.3125,-0.25,-0.3125,-0.3125,-0.3125,-0.4375,-0.5,-0.375,-0.375,-0.4375,-0.5,-0.375,-0.5,-0.5625,-0.625,-0.5625,-0.625,-0.625,-0.6875,-0.625,-0.5625,-0.6875,-0.625,-0.6875,-0.75,-0.75,-0.8125,-0.8125,-0.9375,-0.875,-0.9375,-1.125,-1.0625,-1.0625,-1.0625,-0.875,-1.0625,-1.0625,-1.125,-1.3125,-1.1875,-1.375,-1.25,-1.375,-1.5,-1.4375,-1.4375,-1.375,-1.3125,-1.3125,-1.5,-1.3125,-1.3125,-1.5,-1.25,-1.3125,-1.375,-1.3125,-1.3125,-1.4375,-1.375,-1.3125,-1.5,-1.4375,-1.3125,-1.375,-1.1875,-1.375,-1.375,-1.3125,-1.3125,-1.3125,-1.3125,-1.3125,-1.5,-1.25,-1.0625,-1.5,-1.375,-1.375,-1.3125,-1.25,-1.375,-1.3125,-1.25,-1.3125,-1.375,-1.25,-1.3125,-1.1875,-1.25,-1.5,-1.4375,-1.4375,-1.375,-1.5,-1.375,-1.375,-1.375,-1.375,-1.375,-1.375,-1.375,-1.3125,-1.4375,-1.5,-1.4375,-1.375,-1.375,-1.1875,301434061846300_000028.sbd
689111ac47d08710f7faf64a,18,8,1754337630,78.75804,-155.254368,-1.375,1014.1,1.4,-1.81,1.024,17.98,7,5,0,0.5625,0.375,0.375,0.3125,0.25,0.25,0.25,0.25,0.25,0.25,0.3125,0.3125,0.125,0.1875,0.25,0.125,0.125,0.1875,0.1875,0.25,0.25,0.1875,0.1875,0.375,0.0625,0.1875,0.0625,0,-0.625,-0.8125,-0.9375,-1.0625,-1.3125,-1.1875,-1.3125,-1.0625,-1,-0.5625,-0.25,-0.1875,-0.125,-0.1875,-0.0625,0,-0.1875,-0.1875,-0.125,-0.125,-0.0625,-0.1875,-0.1875,-0.125,-0.1875,-0.1875,-0.1875,-0.3125,-0.3125,-0.25,-0.25,-0.3125,-0.375,-0.25,-0.3125,-0.4375,-0.5,-0.5,-0.5,-0.5625,-0.5625,-0.5,-0.5,-0.625,-0.5625,-0.625,-0.625,-0.6875,-0.6875,-0.6875,-0.875,-0.75,-0.8125,-1.0625,-1,-0.9375,-1,-0.875,-1.0625,-1,-1.0625,-1.3125,-1.1875,-1.375,-1.1875,-1.3125,-1.375,-1.4375,-1.375,-1.3125,-1.3125,-1.25,-1.4375,-1.1875,-1.25,-1.4375,-1.1875,-1.25,-1.3125,-1.3125,-1.3125,-1.4375,-1.3125,-1.3125,-1.4375,-1.4375,-1.3125,-1.375,-1.125,-1.3125,-1.3125,-1.3125,-1.25,-1.3125,-1.3125,-1.3125,-1.4375,-1.1875,-1.0625,-1.4375,-1.375,-1.3125,-1.25,-1.1875,-1.3125,-1.25,-1.1875,-1.25,-1.3125,-1.25,-1.3125,-1.125,-1.25,-1.4375,-1.4375,-1.375,-1.3125,-1.4375,-1.3125,-1.3125,-1.375,-1.3125,-1.375,-1.375,-1.375,-1.25,-1.375,-1.4375,-1.375,-1.375,-1.3125,-1.1875,301434061846300_000029.sbd
689149c821a83bf16dfaf37b,19,8,1754352030,78.739608,-155.236288,-1.375,1014.4,0.61,-1.81,1.022,17.98,8,5,0,0.4375,0.25,0.25,0.1875,0.125,0.1875,0.1875,0.1875,0.1875,0.1875,0.25,0.25,0.125,0.1875,0.1875,0.125,0.125,0.125,0.125,0.1875,0.1875,0.1875,0.25,0.375,0.125,0.25,0.1875,0.1875,-0.4375,-0.6875,-0.75,-0.8125,-1.0625,-0.9375,-1,-0.8125,-0.75,-0.5,-0.25,-0.1875,-0.0625,-0.125,-0.125,0,-0.25,-0.3125,-0.375,-0.4375,-0.375,-0.4375,-0.375,-0.3125,-0.375,-0.375,-0.375,-0.5,-0.5,-0.375,-0.4375,-0.5,-0.5,-0.375,-0.5,-0.5625,-0.625,-0.625,-0.625,-0.6875,-0.6875,-0.6875,-0.625,-0.6875,-0.6875,-0.75,-0.75,-0.8125,-0.8125,-0.875,-1,-0.875,-0.875,-1.125,-1.0625,-1.0625,-1,-0.875,-1.125,-1.0625,-1.125,-1.375,-1.1875,-1.3125,-1.25,-1.375,-1.4375,-1.4375,-1.375,-1.3125,-1.25,-1.25,-1.4375,-1.25,-1.25,-1.4375,-1.1875,-1.25,-1.3125,-1.3125,-1.3125,-1.4375,-1.3125,-1.3125,-1.4375,-1.4375,-1.25,-1.375,-1.125,-1.3125,-1.3125,-1.25,-1.25,-1.3125,-1.25,-1.3125,-1.5,-1.1875,-1.0625,-1.4375,-1.3125,-1.3125,-1.25,-1.1875,-1.3125,-1.25,-1.1875,-1.25,-1.3125,-1.25,-1.3125,-1.125,-1.25,-1.4375,-1.375,-1.375,-1.3125,-1.4375,-1.3125,-1.3125,-1.375,-1.375,-1.375,-1.375,-1.375,-1.25,-1.375,-1.4375,-1.375,-1.375,-1.3125,-1.125,301434061846300_000030.sbd
6891822d47d08710f7faf74b,20,8,1754366430,78.745696,-155.198176,-1.6875,1013.9,1.4,-1.81,1.021,17.95,6,4,0,0.5,0.3125,0.3125,0.25,0.125,0.1875,0.1875,0.1875,0.1875,0.125,0.25,0.25,0.125,0.125,0.25,0.125,0.125,0.1875,0.1875,0.25,0.25,0.1875,0.25,0.4375,0.1875,0.3125,0.1875,0.1875,-0.6875,-1,-1.0625,-1.125,-1.375,-1.125,-1.3125,-1.0625,-0.75,-0.5,-0.25,-0.1875,-0.125,-0.1875,-0.125,0,-0.1875,-0.25,-0.1875,-0.25,-0.1875,-0.3125,-0.25,-0.25,-0.25,-0.25,-0.25,-0.375,-0.4375,-0.3125,-0.3125,-0.375,-0.4375,-0.3125,-0.4375,-0.5,-0.5625,-0.5,-0.5625,-0.5625,-0.625,-0.5625,-0.5625,-0.625,-0.5625,-0.625,-0.6875,-0.6875,-0.75,-0.75,-0.875,-0.8125,-0.875,-1.0625,-1.0625,-1,-1,-0.875,-1.125,-1.0625,-1.125,-1.3125,-1.1875,-1.4375,-1.1875,-1.4375,-1.375,-1.4375,-1.375,-1.3125,-1.25,-1.3125,-1.4375,-1.25,-1.25,-1.4375,-1.1875,-1.3125,-1.3125,-1.3125,-1.3125,-1.4375,-1.3125,-1.3125,-1.5,-1.4375,-1.3125,-1.375,-1.125,-1.3125,-1.375,-1.3125,-1.25,-1.3125,-1.3125,-1.3125,-1.4375,-1.25,-1.0625,-1.5,-1.375,-1.375,-1.3125,-1.25,-1.3125,-1.25,-1.1875,-1.3125,-1.3125,-1.25,-1.3125,-1.1875,-1.1875,-1.4375,-1.4375,-1.4375,-1.3125,-1.4375,-1.3125,-1.375,-1.375,-1.375,-1.375,-1.375,-1.375,-1.25,-1.375,-1.4375,-1.4375,-1.375,-1.3125,-1.1875,301434061846300_000031.sbd
6891ba4847d08710f7faf7a2,21,8,1754380830,78.735168,-155.07648,-2,1014.3,1.4,-1.83,1.018,17.95,6,5,0,-1.25,-1.375,-1.375,-1.4375,-1.4375,-1.4375,-1.4375,-1.375,-1.375,-1.4375,-1.3125,-1.3125,-1.4375,-1.3125,-1.25,-1.375,-1.375,-1.375,-1.375,-1.3125,-1.3125,-1.375,-1.25,-1.0625,-1.3125,-1.1875,-1.1875,-1.0625,-1.4375,-1.4375,-1.375,-1.3125,-1.4375,-1.125,-1.3125,-1.0625,-0.8125,-0.5,-0.25,-0.25,-0.1875,-0.25,-0.1875,-0.125,-0.3125,-0.3125,-0.3125,-0.375,-0.3125,-0.4375,-0.375,-0.3125,-0.375,-0.375,-0.375,-0.5,-0.5,-0.375,-0.4375,-0.5,-0.5625,-0.4375,-0.5,-0.5625,-0.625,-0.625,-0.625,-0.6875,-0.6875,-0.6875,-0.625,-0.6875,-0.625,-0.75,-0.8125,-0.8125,-0.875,-0.875,-1,-0.9375,-1,-1.1875,-1.125,-1.125,-1.125,-0.9375,-1.125,-1.125,-1.1875,-1.4375,-1.25,-1.375,-1.3125,-1.4375,-1.375,-1.5,-1.375,-1.375,-1.25,-1.3125,-1.4375,-1.3125,-1.3125,-1.4375,-1.25,-1.3125,-1.375,-1.3125,-1.3125,-1.4375,-1.3125,-1.3125,-1.4375,-1.4375,-1.3125,-1.375,-1.125,-1.3125,-1.3125,-1.3125,-1.3125,-1.3125,-1.3125,-1.3125,-1.5,-1.25,-1.0625,-1.5,-1.375,-1.375,-1.3125,-1.25,-1.3125,-1.3125,-1.1875,-1.3125,-1.3125,-1.25,-1.3125,-1.125,-1.25,-1.5,-1.4375,-1.375,-1.3125,-1.4375,-1.375,-1.375,-1.375,-1.375,-1.375,-1.375,-1.375,-1.3125,-1.4375,-1.4375,-1.375,-1.375,-1.375,-1.1875,301434061846300_000032.sbd
6891f28321a83bf16dfaf47c,22,8,1754395230,78.71972,-155.091296,-1.8125,1014.6,1.4,-1.85,1.018,17.95,8,5,0,-1.375,-1.5,-1.5,-1.5625,-1.5625,-1.5625,-1.5625,-1.5625,-1.5,-1.5625,-1.4375,-1.4375,-1.5625,-1.4375,-1.4375,-1.5625,-1.5625,-1.5625,-1.5,-1.5,-1.5,-1.5625,-1.4375,-1.25,-1.5,-1.375,-1.4375,-1.3125,-1.625,-1.625,-1.5625,-1.5,-1.5625,-1.375,-1.5,-1.25,-0.875,-0.5,-0.25,-0.25,-0.1875,-0.25,-0.25,-0.125,-0.3125,-0.3125,-0.3125,-0.375,-0.3125,-0.4375,-0.4375,-0.375,-0.375,-0.4375,-0.4375,-0.5625,-0.5625,-0.4375,-0.4375,-0.5,-0.625,-0.4375,-0.5625,-0.625,-0.6875,-0.6875,-0.6875,-0.6875,-0.75,-0.6875,-0.6875,-0.75,-0.6875,-0.75,-0.8125,-0.875,-0.875,-0.9375,-1.0625,-0.9375,-1.0625,-1.25,-1.1875,-1.125,-1.1875,-1,-1.1875,-1.1875,-1.25,-1.4375,-1.3125,-1.5,-1.3125,-1.5,-1.4375,-1.5,-1.4375,-1.375,-1.25,-1.3125,-1.4375,-1.25,-1.3125,-1.5,-1.25,-1.3125,-1.375,-1.3125,-1.3125,-1.4375,-1.375,-1.3125,-1.5,-1.4375,-1.3125,-1.375,-1.1875,-1.3125,-1.375,-1.3125,-1.25,-1.3125,-1.3125,-1.3125,-1.4375,-1.25,-1.0625,-1.5,-1.375,-1.375,-1.3125,-1.25,-1.375,-1.3125,-1.25,-1.3125,-1.3125,-1.25,-1.3125,-1.1875,-1.25,-1.5,-1.4375,-1.4375,-1.375,-1.5,-1.375,-1.375,-1.4375,-1.375,-1.375,-1.375,-1.375,-1.3125,-1.4375,-1.4375,-1.4375,-1.375,-1.375,-1.1875,301434061846300_000033.sbd
68922aca47d08710f7faf8f7,23,8,1754409630,78.727592,-155.067824,-1.625,1014.8,1.4,-1.85,1.02,17.95,7,5,0,-0.625,-0.75,-0.75,-0.8125,-0.875,-0.875,-0.875,-0.8125,-0.8125,-0.8125,-0.75,-0.75,-0.875,-0.75,-0.75,-0.875,-0.8125,-0.8125,-0.8125,-0.75,-0.75,-0.8125,-0.75,-0.5,-0.75,-0.625,-0.6875,-0.5625,-1.0625,-1.125,-1.125,-1.0625,-1.25,-1.0625,-1.1875,-0.9375,-0.75,-0.5,-0.25,-0.25,-0.125,-0.1875,-0.125,-0.0625,-0.25,-0.3125,-0.25,-0.3125,-0.25,-0.375,-0.375,-0.3125,-0.375,-0.375,-0.375,-0.5,-0.5,-0.375,-0.4375,-0.5,-0.5625,-0.375,-0.5,-0.625,-0.6875,-0.625,-0.625,-0.6875,-0.6875,-0.6875,-0.625,-0.75,-0.6875,-0.75,-0.8125,-0.8125,-0.875,-0.875,-1.0625,-0.9375,-1.0625,-1.25,-1.1875,-1.1875,-1.1875,-1,-1.1875,-1.1875,-1.1875,-1.4375,-1.3125,-1.5,-1.25,-1.375,-1.4375,-1.5,-1.4375,-1.375,-1.25,-1.3125,-1.4375,-1.25,-1.3125,-1.5,-1.25,-1.3125,-1.375,-1.3125,-1.3125,-1.4375,-1.375,-1.3125,-1.5,-1.4375,-1.3125,-1.375,-1.1875,-1.375,-1.375,-1.3125,-1.3125,-1.3125,-1.3125,-1.3125,-1.5,-1.25,-1.0625,-1.5,-1.375,-1.375,-1.3125,-1.25,-1.3125,-1.25,-1.25,-1.3125,-1.3125,-1.25,-1.3125,-1.1875,-1.25,-1.4375,-1.4375,-1.4375,-1.375,-1.5,-1.3125,-1.375,-1.375,-1.375,-1.375,-1.375,-1.375,-1.25,-1.4375,-1.4375,-1.4375,-1.375,-1.375,-1.1875,301434061846300_000034.sbd
6892631621a83bf16dfaf5e8,24,8,1754424030,78.715576,-154.966032,-1.3125,1015.1,1.4,-1.83,1.021,17.92,8,5,0,-0.0625,-0.25,-0.25,-0.3125,-0.3125,-0.3125,-0.3125,-0.25,-0.3125,-0.3125,-0.1875,-0.25,-0.3125,-0.25,-0.25,-0.3125,-0.3125,-0.3125,-0.3125,-0.25,-0.25,-0.3125,-0.25,0,-0.3125,-0.125,-0.25,-0.125,-0.6875,-0.8125,-0.875,-0.875,-1.0625,-0.875,-0.9375,-0.75,-0.625,-0.5,-0.25,-0.1875,-0.0625,-0.1875,-0.125,-0.0625,-0.1875,-0.25,-0.1875,-0.25,-0.1875,-0.3125,-0.3125,-0.25,-0.3125,-0.3125,-0.3125,-0.4375,-0.4375,-0.3125,-0.375,-0.4375,-0.5,-0.3125,-0.4375,-0.5625,-0.625,-0.5625,-0.625,-0.625,-0.6875,-0.625,-0.625,-0.6875,-0.625,-0.6875,-0.75,-0.8125,-0.875,-0.875,-1,-0.9375,-1.0625,-1.1875,-1.125,-1.125,-1.125,-1,-1.1875,-1.125,-1.1875,-1.4375,-1.25,-1.4375,-1.25,-1.4375,-1.4375,-1.4375,-1.375,-1.3125,-1.25,-1.3125,-1.4375,-1.25,-1.25,-1.5,-1.25,-1.3125,-1.375,-1.3125,-1.3125,-1.4375,-1.3125,-1.3125,-1.4375,-1.4375,-1.3125,-1.375,-1.1875,-1.3125,-1.375,-1.3125,-1.3125,-1.3125,-1.3125,-1.3125,-1.5625,-1.25,-1.0625,-1.5,-1.375,-1.3125,-1.3125,-1.25,-1.3125,-1.25,-1.25,-1.25,-1.3125,-1.25,-1.3125,-1.1875,-1.25,-1.4375,-1.4375,-1.4375,-1.3125,-1.4375,-1.3125,-1.375,-1.4375,-1.375,-1.375,-1.375,-1.375,-1.25,-1.4375,-1.4375,-1.4375,-1.375,-1.3125,-1.1875,301434061846300_000035.sbd
68929b5f21a83bf16dfaf664,25,8,1754438430,78.697248,-154.991616,-0.75,1015.3,1.4,-1.83,1.028,17.92,8,5,0,0.8125,0.625,0.75,0.625,0.4375,0.375,0.5,0.625,0.4375,0.5625,0.6875,0.6875,0.625,0.6875,0.6875,0.625,0.5625,0.625,0.625,0.6875,0.75,0.5625,0.6875,0.9375,0.6875,0.75,0.5625,0.5625,-0.125,-0.375,-0.375,-0.3125,-0.5625,-0.4375,-0.5625,-0.4375,-0.5,-0.4375,-0.25,-0.1875,-0.0625,-0.125,-0.0625,0,-0.1875,-0.1875,-0.125,-0.1875,-0.125,-0.25,-0.25,-0.1875,-0.25,-0.25,-0.25,-0.375,-0.375,-0.25,-0.3125,-0.375,-0.4375,-0.3125,-0.375,-0.5,-0.5625,-0.5625,-0.5625,-0.625,-0.625,-0.5625,-0.5625,-0.6875,-0.625,-0.6875,-0.75,-0.75,-0.8125,-0.8125,-1,-0.875,-1.0625,-1.1875,-1.125,-1.125,-1.125,-0.9375,-1.125,-1.125,-1.1875,-1.375,-1.25,-1.4375,-1.25,-1.375,-1.4375,-1.4375,-1.375,-1.3125,-1.25,-1.3125,-1.4375,-1.25,-1.25,-1.5,-1.25,-1.3125,-1.375,-1.3125,-1.3125,-1.4375,-1.3125,-1.3125,-1.4375,-1.4375,-1.3125,-1.375,-1.1875,-1.3125,-1.375,-1.3125,-1.3125,-1.3125,-1.3125,-1.3125,-1.5,-1.25,-1.0625,-1.4375,-1.375,-1.3125,-1.3125,-1.25,-1.3125,-1.25,-1.1875,-1.25,-1.3125,-1.3125,-1.3125,-1.1875,-1.25,-1.5,-1.4375,-1.4375,-1.3125,-1.4375,-1.375,-1.375,-1.375,-1.375,-1.375,-1.375,-1.375,-1.3125,-1.375,-1.4375,-1.375,-1.375,-1.375,-1.1875,301434061846300_000036.sbd
6892d3aa47d08710f7fafaf7,26,8,1754452830,78.700128,-154.983776,-0.625,1015.3,1.4,-1.82,0.991,17.92,6,3,0,0,-0.1875,-0.1875,-0.25,-0.25,-0.25,-0.25,-0.1875,-0.25,-0.25,-0.125,-0.125,-0.25,-0.1875,-0.125,-0.25,-0.25,-0.25,-0.1875,-0.1875,-0.1875,-0.1875,-0.125,0.0625,-0.125,0,-0.0625,0,-0.375,-0.4375,-0.375,-0.375,-0.5,-0.375,-0.5,-0.3125,-0.4375,-0.375,-0.25,-0.1875,-0.125,-0.1875,-0.1875,-0.0625,-0.25,-0.25,-0.25,-0.25,-0.25,-0.3125,-0.3125,-0.25,-0.3125,-0.3125,-0.3125,-0.4375,-0.4375,-0.375,-0.375,-0.4375,-0.5,-0.375,-0.5,-0.5625,-0.625,-0.625,-0.625,-0.6875,-0.6875,-0.625,-0.625,-0.6875,-0.625,-0.75,-0.75,-0.8125,-0.875,-0.875,-1,-0.9375,-1.0625,-1.1875,-1.1875,-1.125,-1.125,-1,-1.1875,-1.1875,-1.25,-1.5,-1.375,-1.4375,-1.25,-1.375,-1.375,-1.4375,-1.375,-1.3125,-1.25,-1.3125,-1.4375,-1.25,-1.25,-1.4375,-1.25,-1.3125,-1.3125,-1.3125,-1.3125,-1.4375,-1.3125,-1.25,-1.4375,-1.4375,-1.3125,-1.375,-1.1875,-1.3125,-1.3125,-1.3125,-1.25,-1.3125,-1.3125,-1.3125,-1.5,-1.25,-1.0625,-1.5,-1.375,-1.3125,-1.25,-1.25,-1.3125,-1.25,-1.1875,-1.25,-1.3125,-1.25,-1.3125,-1.1875,-1.25,-1.4375,-1.4375,-1.375,-1.3125,-1.4375,-1.3125,-1.375,-1.375,-1.375,-1.375,-1.375,-1.375,-1.25,-1.4375,-1.4375,-1.4375,-1.375,-1.375,-1.1875,301434061846300_000037.sbd
68930bf347d08710f7fafba2,27,8,1754467230,78.685232,-154.880128,-1.125,1015,1.4,-1.83,1.004,17.9,7,5,0,-0.75,-0.875,-0.875,-0.9375,-1,-0.9375,-0.9375,-0.875,-0.9375,-0.9375,-0.8125,-0.8125,-0.9375,-0.8125,-0.75,-0.875,-0.875,-0.875,-0.875,-0.8125,-0.8125,-0.875,-0.8125,-0.5625,-0.8125,-0.6875,-0.75,-0.6875,-1,-1,-0.875,-0.75,-0.8125,-0.5625,-0.75,-0.5625,-0.5,-0.375,-0.25,-0.25,-0.125,-0.25,-0.1875,-0.125,-0.3125,-0.3125,-0.3125,-0.375,-0.3125,-0.4375,-0.375,-0.3125,-0.375,-0.375,-0.375,-0.5,-0.5,-0.4375,-0.4375,-0.5,-0.5625,-0.4375,-0.5625,-0.625,-0.6875,-0.6875,-0.6875,-0.75,-0.75,-0.6875,-0.6875,-0.75,-0.6875,-0.75,-0.875,-0.875,-0.9375,-0.9375,-1.0625,-1,-1,-1.25,-1.25,-1.1875,-1.1875,-1.0625,-1.25,-1.1875,-1.25,-1.5,-1.3125,-1.5,-1.3125,-1.4375,-1.375,-1.4375,-1.375,-1.3125,-1.25,-1.3125,-1.4375,-1.25,-1.3125,-1.4375,-1.25,-1.3125,-1.3125,-1.3125,-1.3125,-1.4375,-1.3125,-1.3125,-1.5,-1.4375,-1.3125,-1.375,-1.125,-1.3125,-1.3125,-1.3125,-1.25,-1.3125,-1.3125,-1.3125,-1.5,-1.1875,-1.0625,-1.5,-1.375,-1.375,-1.3125,-1.1875,-1.3125,-1.25,-1.25,-1.3125,-1.3125,-1.25,-1.3125,-1.1875,-1.25,-1.4375,-1.4375,-1.4375,-1.3125,-1.4375,-1.3125,-1.375,-1.375,-1.375,-1.375,-1.375,-1.375,-1.25,-1.375,-1.4375,-1.4375,-1.375,-1.375,-1.1875,301434061846300_000038.sbd
6893440547d08710f7fafba5,28,8,1754481630,78.66,-154.864784,-1.5,1014.6,1.4,-1.81,1.007,17.95,6,5,0,-1.0625,-1.1875,-1.1875,-1.25,-1.3125,-1.25,-1.25,-1.25,-1.25,-1.25,-1.125,-1.1875,-1.25,-1.1875,-1.1875,-1.3125,-1.25,-1.25,-1.25,-1.25,-1.25,-1.25,-1.1875,-1,-1.25,-1.125,-1.1875,-1.125,-1.5,-1.5,-1.4375,-1.25,-1.3125,-1.125,-1.3125,-1.0625,-0.75,-0.375,-0.25,-0.25,-0.1875,-0.25,-0.1875,-0.125,-0.3125,-0.375,-0.3125,-0.375,-0.3125,-0.4375,-0.375,-0.375,-0.375,-0.375,-0.4375,-0.5625,-0.5625,-0.4375,-0.4375,-0.5,-0.625,-0.4375,-0.5625,-0.6875,-0.75,-0.6875,-0.75,-0.75,-0.75,-0.75,-0.6875,-0.8125,-0.75,-0.8125,-0.875,-0.875,-0.9375,-1,-1.125,-1.0625,-1.1875,-1.3125,-1.25,-1.25,-1.25,-1.0625,-1.25,-1.25,-1.25,-1.5,-1.375,-1.5,-1.3125,-1.375,-1.4375,-1.4375,-1.375,-1.375,-1.25,-1.3125,-1.4375,-1.25,-1.3125,-1.5,-1.1875,-1.3125,-1.3125,-1.3125,-1.3125,-1.4375,-1.375,-1.3125,-1.4375,-1.4375,-1.3125,-1.375,-1.125,-1.3125,-1.375,-1.3125,-1.25,-1.3125,-1.3125,-1.3125,-1.5,-1.25,-1.0625,-1.5,-1.375,-1.375,-1.3125,-1.1875,-1.3125,-1.25,-1.1875,-1.3125,-1.3125,-1.25,-1.3125,-1.125,-1.25,-1.4375,-1.4375,-1.4375,-1.3125,-1.4375,-1.3125,-1.375,-1.375,-1.375,-1.375,-1.375,-1.375,-1.25,-1.375,-1.4375,-1.375,-1.375,-1.3125,-1.1875,301434061846300_000039.sbd
68937c6f47d08710f7fafca4,29,8,1754496030,78.651856,-154.847216,-1.875,1014,1.4,-1.8,1.01,17.9,6,5,0,-1.1875,-1.3125,-1.375,-1.375,-1.5,-1.4375,-1.4375,-1.4375,-1.4375,-1.4375,-1.375,-1.375,-1.5,-1.4375,-1.375,-1.5,-1.5,-1.5,-1.5,-1.4375,-1.4375,-1.5,-1.4375,-1.25,-1.5625,-1.5,-1.625,-1.625,-2.0625,-2.0625,-2.0625,-1.9375,-1.9375,-1.75,-1.9375,-1.625,-1.125,-0.5,-0.25,-0.1875,-0.125,-0.1875,-0.125,-0.0625,-0.25,-0.25,-0.25,-0.3125,-0.25,-0.375,-0.3125,-0.3125,-0.3125,-0.3125,-0.3125,-0.5,-0.5,-0.375,-0.4375,-0.4375,-0.5625,-0.4375,-0.5,-0.625,-0.6875,-0.6875,-0.6875,-0.6875,-0.75,-0.6875,-0.6875,-0.75,-0.6875,-0.75,-0.875,-0.875,-0.9375,-0.9375,-1.0625,-1.0625,-1,-1.25,-1.25,-1.1875,-1.25,-1.0625,-1.25,-1.1875,-1.25,-1.5,-1.3125,-1.4375,-1.3125,-1.375,-1.4375,-1.4375,-1.375,-1.3125,-1.25,-1.3125,-1.4375,-1.25,-1.25,-1.5,-1.25,-1.3125,-1.3125,-1.3125,-1.3125,-1.4375,-1.3125,-1.3125,-1.4375,-1.4375,-1.3125,-1.375,-1.125,-1.3125,-1.375,-1.3125,-1.25,-1.3125,-1.3125,-1.3125,-1.4375,-1.25,-1.0625,-1.5,-1.375,-1.375,-1.3125,-1.25,-1.3125,-1.25,-1.25,-1.25,-1.3125,-1.25,-1.3125,-1.1875,-1.25,-1.4375,-1.4375,-1.4375,-1.3125,-1.4375,-1.3125,-1.375,-1.4375,-1.375,-1.375,-1.375,-1.375,-1.3125,-1.4375,-1.4375,-1.375,-1.375,-1.3125,-1.1875,301434061846300_000040.sbd
6893b4bd21a83bf16dfaf923,30,8,1754510430,78.634016,-154.732384,-1.5,1013.4,1.4,-1.81,1.01,17.9,9,5,0,-0.25,-0.375,-0.375,-0.4375,-0.5,-0.5,-0.5,-0.5,-0.4375,-0.4375,-0.375,-0.375,-0.5,-0.4375,-0.375,-0.5,-0.4375,-0.5,-0.4375,-0.4375,-0.4375,-0.5,-0.375,-0.1875,-0.4375,-0.3125,-0.375,-0.3125,-0.75,-0.875,-0.9375,-1,-1.1875,-1,-1.125,-0.9375,-0.8125,-0.5,-0.25,-0.1875,-0.0625,-0.125,-0.0625,0,-0.125,-0.125,-0.125,-0.1875,-0.1875,-0.25,-0.25,-0.1875,-0.25,-0.25,-0.25,-0.375,-0.375,-0.3125,-0.3125,-0.375,-0.5,-0.3125,-0.4375,-0.5,-0.625,-0.5625,-0.625,-0.625,-0.6875,-0.6875,-0.5625,-0.6875,-0.6875,-0.75,-0.75,-0.8125,-0.875,-0.875,-1,-0.9375,-1,-1.1875,-1.1875,-1.125,-1.125,-1,-1.1875,-1.1875,-1.25,-1.5,-1.3125,-1.5,-1.3125,-1.375,-1.375,-1.4375,-1.375,-1.3125,-1.25,-1.3125,-1.4375,-1.25,-1.25,-1.4375,-1.25,-1.3125,-1.3125,-1.3125,-1.3125,-1.4375,-1.3125,-1.3125,-1.5,-1.4375,-1.3125,-1.375,-1.125,-1.3125,-1.375,-1.3125,-1.25,-1.3125,-1.3125,-1.3125,-1.4375,-1.1875,-1.0625,-1.5,-1.375,-1.3125,-1.3125,-1.25,-1.3125,-1.25,-1.1875,-1.3125,-1.3125,-1.25,-1.3125,-1.1875,-1.25,-1.4375,-1.4375,-1.4375,-1.3125,-1.4375,-1.3125,-1.375,-1.375,-1.375,-1.375,-1.375,-1.375,-1.25,-1.375,-1.4375,-1.4375,-1.375,-1.3125,-1.1875,301434061846300_000041.sbd